"","date","timestamp","price","negative.score","neutral.score","positive.score"
"1","2021-04-23 16:00:00",1619193724430,0.234922187932498,0.0971149323927103,0.759269841269841,0.143626690182246
"2","2021-04-23 17:00:00",1619197367841,0.234923894106271,0.0603949880668258,0.777588305489259,0.162015513126492
"3","2021-04-23 18:00:00",1619201096169,0.234767217237893,0.0488651551312649,0.813896181384248,0.137238663484487
"4","2021-04-23 19:00:00",1619204652909,0.233636613613647,0.0853908898305084,0.772643008474576,0.141977754237288
"5","2021-04-23 20:00:00",1619208164134,0.236613366020676,0.0637269005847953,0.780040058479532,0.156216081871345
"6","2021-04-23 21:00:00",1619211883243,0.239925669757415,0.0572708333333333,0.779939327485381,0.162783260233918
"7","2021-04-23 22:00:00",1619215421335,0.239491643325871,0.0594283489096573,0.80318691588785,0.137381619937695
"8","2021-04-23 23:00:00",1619219160984,0.241603987071299,0.0545,0.807154411764705,0.138325980392157
"9","2021-04-24 00:00:00",1619222797113,0.251614513288169,0.0645800376647834,0.781902699309478,0.153500313873195
"10","2021-04-24 01:00:00",1619226349790,0.235124066100652,0.0649787234042554,0.78940273556231,0.145630699088146
"11","2021-04-24 02:00:00",1619229838022,0.239223555428601,0.0601893063583815,0.797268786127167,0.142531791907514
"12","2021-04-24 03:00:00",1619233337713,0.240448104772642,0.0664292307692308,0.771430769230769,0.162135384615385
"13","2021-04-24 04:00:00",1619237068427,0.242382884784498,0.0551481481481482,0.7920625,0.152768518518518
"14","2021-04-24 05:00:00",1619240667880,0.245535234033506,0.0661135190918472,0.78728689370485,0.146590815273478
"15","2021-04-24 06:00:00",1619244146722,0.253492152284159,0.0602876206700738,0.813641680863146,0.126065587734242
"16","2021-04-24 07:00:00",1619247776730,0.279577444179457,0.0575235646958012,0.79080676949443,0.151661953727506
"17","2021-04-24 08:00:00",1619251390489,0.276379495349996,0.0503803418803419,0.815259971509972,0.13437037037037
"18","2021-04-24 09:00:00",1619255091479,0.284167932036833,0.0322860824742268,0.833154639175258,0.134564432989691
"19","2021-04-24 10:00:00",1619258561609,0.279819024537261,0.0427130434782609,0.843860869565218,0.113415217391304
"20","2021-04-24 11:00:00",1619262172508,0.264667699544645,0.0588374125874126,0.817472027972028,0.123722902097902
"21","2021-04-24 12:00:00",1619265749487,0.259747597398878,0.063537216828479,0.781110571736785,0.155352211434736
"22","2021-04-24 13:00:00",1619269686388,0.272803316390317,0.0568757763975155,0.830114906832299,0.112993788819876
"23","2021-04-24 14:00:00",1619272953745,0.271776191404949,0.0446420233463035,0.845821011673152,0.109529182879377
"24","2021-04-24 15:00:00",1619276722007,0.265789227519493,0.0517357357357357,0.796602102102102,0.151666666666667
"25","2021-04-24 16:00:00",1619280036906,0.274928257279578,0.0599344262295082,0.780851366120219,0.159201092896175
"26","2021-04-24 17:00:00",1619283836877,0.270441504550277,0.0554204545454546,0.787681818181818,0.156914772727273
"27","2021-04-24 18:00:00",1619287404595,0.273141233513933,0.0554768518518519,0.809294612794612,0.135232323232323
"28","2021-04-24 19:00:00",1619291036714,0.274357493429417,0.0546150568181818,0.829519886363636,0.115875
"29","2021-04-24 20:00:00",1619294646097,0.279092635113223,0.0521578947368421,0.826066764132553,0.12176656920078
"30","2021-04-24 21:00:00",1619298362284,0.279425769287411,0.0636957236842105,0.792475328947369,0.143830592105263
"31","2021-04-24 22:00:00",1619301795630,0.27298750323465,0.0436696428571429,0.805207589285714,0.151142857142857
"32","2021-04-24 23:00:00",1619305365165,0.272845045172474,0.0611485355648536,0.788453974895397,0.150387029288703
"33","2021-04-25 00:00:00",1619309099478,0.270489192249866,0.0450537848605578,0.833990039840638,0.120948207171315
"34","2021-04-25 01:00:00",1619312735285,0.270076413053245,0.0457974735126324,0.810790953545232,0.143411165444173
"35","2021-04-25 02:00:00",1619316086620,0.286311955187045,0.0626922753988245,0.792765743073048,0.144538623005877
"36","2021-04-25 03:00:00",1619319689076,0.281271674809053,0.0470422343324251,0.796975476839237,0.155974114441417
"37","2021-04-25 04:00:00",1619323282658,0.276269277803,0.0480272435897436,0.838282051282051,0.11369391025641
"38","2021-04-25 05:00:00",1619326997082,0.277615500687025,0.056958904109589,0.810044520547945,0.133006849315068
"39","2021-04-25 06:00:00",1619330698506,0.276305903244819,0.0579090909090909,0.831968181818182,0.110131818181818
"40","2021-04-25 07:00:00",1619334198496,0.270942306479723,0.054411214953271,0.832841121495327,0.112710280373832
"41","2021-04-25 08:00:00",1619337813837,0.270149158352268,0.0534430379746835,0.875240506329114,0.0713037974683544
"42","2021-04-25 09:00:00",1619341256665,0.275272071600039,0.0471,0.842142857142857,0.110785714285714
"43","2021-04-25 10:00:00",1619344886156,0.271525990138137,0.0456941176470588,0.830982352941177,0.123323529411765
"44","2021-04-25 11:00:00",1619348630527,0.269186419494696,0.0455037593984962,0.805248120300752,0.149233082706767
"45","2021-04-25 12:00:00",1619352235176,0.271423389789825,0.0744694323144105,0.794430131004367,0.131102620087336
"46","2021-04-25 13:00:00",1619356297346,0.274216178892953,0.0403601895734597,0.829310426540284,0.130336492890995
"47","2021-04-25 14:00:00",1619360402515,0.272110421877269,0.0410862068965517,0.789770689655172,0.16913275862069
"48","2021-04-25 15:00:00",1619362884605,0.273972687460951,0.0592798634812287,0.775849829351536,0.164872013651877
"49","2021-04-25 16:00:00",1619366604601,0.266262913005935,0.0713822751322752,0.805110229276896,0.123511463844797
"50","2021-04-25 17:00:00",1619370185216,0.264396579846584,0.0708313953488372,0.79925,0.12990988372093
"51","2021-04-25 18:00:00",1619373976653,0.259859624845261,0.0644805031446541,0.793639622641509,0.141889308176101
"52","2021-04-25 19:00:00",1619377308768,0.253777653738693,0.0575882352941177,0.793579411764706,0.148835294117647
"53","2021-04-25 20:00:00",1619380852472,0.252039067201385,0.0810163572060124,0.765396993810787,0.153586648983201
"54","2021-04-25 21:00:00",1619384567218,0.247266207137346,0.0731177993527508,0.775109708737864,0.151778964401295
"55","2021-04-25 22:00:00",1619388147537,0.23146558539444,0.0810487711213518,0.788356374807987,0.130582949308756
"56","2021-04-25 23:00:00",1619392026989,0.248812844538591,0.0601777777777778,0.812222222222222,0.127588888888889
"57","2021-04-26 00:00:00",1619395549012,0.252521554498812,0.056517667844523,0.82006183745583,0.123418727915194
"58","2021-04-26 01:00:00",1619399258856,0.262380679912254,0.0487583643122677,0.828065055762082,0.123176579925651
"59","2021-04-26 02:00:00",1619402452155,0.27148941070606,0.0442272727272727,0.83245652173913,0.123296442687747
"60","2021-04-26 03:00:00",1619406162478,0.263062084958951,0.0661150442477876,0.795079646017699,0.138752212389381
"61","2021-04-26 04:00:00",1619409734888,0.265392963399361,0.062497175141243,0.822186440677966,0.115316384180791
"62","2021-04-26 05:00:00",1619413410795,0.262356257136718,0.0399627659574468,0.797643617021277,0.162404255319149
"63","2021-04-26 06:00:00",1619416856657,0.263367572981914,0.07452,0.81253,0.11294
"64","2021-04-26 07:00:00",1619420615407,0.268760491188307,0.0528196721311475,0.773868852459017,0.173311475409836
"65","2021-04-26 08:00:00",1619424186274,0.2659289432848,0.0634406779661017,0.819779661016949,0.11671186440678
"66","2021-04-26 09:00:00",1619427884417,0.261743788014776,0.0507101449275362,0.777057971014493,0.172260869565217
"67","2021-04-26 10:00:00",1619431481130,0.266465800005827,0.0720806451612903,0.719931451612903,0.208012096774194
"68","2021-04-26 11:00:00",1619435213780,0.263933651767944,0.0826994382022472,0.775056179775281,0.142255617977528
"69","2021-04-26 12:00:00",1619438445871,0.267290736788958,0.0629708798017348,0.801728624535316,0.135300495662949
"70","2021-04-26 13:00:00",1619442475340,0.274061917209925,0.066356890459364,0.779155477031802,0.154475265017668
"71","2021-04-26 15:00:00",1619449346378,0.270850625269595,0.0594334677419355,0.793491935483871,0.147056451612903
"72","2021-04-26 15:00:00",1619451560740,0.269866034931177,0.0594334677419355,0.793491935483871,0.147056451612903
"73","2021-04-26 16:00:00",1619453798631,0.267464782757596,0.0560710900473934,0.810947867298578,0.132992890995261
"74","2021-04-26 17:00:00",1619456544709,0.26662045796416,0.0664697452229299,0.799708598726115,0.133815286624204
"75","2021-04-26 18:00:00",1619460184496,0.268242367089379,0.0433363095238095,0.796485119047619,0.1601875
"76","2021-04-26 19:00:00",1619463917759,0.267444753265963,0.0713605577689243,0.778243027888446,0.150418326693227
"77","2021-04-26 20:00:00",1619467599441,0.267815227264176,0.0576502145922747,0.80061373390558,0.141742489270386
"78","2021-04-26 21:00:00",1619470830588,0.267322085203115,0.0784609375,0.7843125,0.13723828125
"79","2021-04-26 22:00:00",1619474581563,0.266183583695067,0.0423682432432432,0.827131756756757,0.130513513513514
"80","2021-04-26 23:00:00",1619478193583,0.267763285945059,0.0492070895522388,0.80410447761194,0.146680970149254
"81","2021-04-27 00:00:00",1619481744714,0.271831984356054,0.0433918518518519,0.818486666666666,0.138105185185185
"82","2021-04-27 01:00:00",1619485542101,0.268148321736575,0.0523733333333333,0.794835555555556,0.152791111111111
"83","2021-04-27 02:00:00",1619488974766,0.266727641119778,0.0293,0.828195833333334,0.142514583333333
"84","2021-04-27 03:00:00",1619492748776,0.267836934524965,0.0402417218543046,0.804688741721854,0.155062913907285
"85","2021-04-27 04:00:00",1619496299837,0.266200445571809,0.0539953271028037,0.806182242990654,0.13981308411215
"86","2021-04-27 05:00:00",1619499962981,0.266321608405632,0.0678894230769231,0.783091346153846,0.149009615384615
"87","2021-04-27 06:00:00",1619503456193,0.268487411698887,0.0507735849056604,0.813334905660378,0.135929245283019
"88","2021-04-27 07:00:00",1619506920735,0.27553259222991,0.0575,0.806313868613138,0.136178832116788
"89","2021-04-27 08:00:00",1619510489649,0.27435244308254,0.0490826771653543,0.824775590551181,0.126149606299213
"90","2021-04-27 09:00:00",1619514324860,0.273621857373168,0.0606119402985075,0.803492537313433,0.13589552238806
"91","2021-04-27 10:00:00",1619517865817,0.273942528706763,0.0555684210526316,0.823336842105263,0.121094736842105
"92","2021-04-27 11:00:00",1619521488053,0.273341783648747,0.0469559748427673,0.765830188679246,0.187207547169811
"93","2021-04-27 12:00:00",1619524934797,0.277682574702331,0.0569479768786127,0.81042774566474,0.132630057803468
"94","2021-04-27 13:00:00",1619528891766,0.274230816166267,0.0611954545454545,0.798520454545454,0.140252272727273
"95","2021-04-27 14:00:00",1619533145746,0.268688113775207,0.0620145161290322,0.795311290322581,0.142661290322581
"96","2021-04-27 15:00:00",1619536537854,0.271403495021698,0.047631914893617,0.825787234042553,0.126593617021277
"97","2021-04-27 16:00:00",1619539357647,0.273804412874675,0.0669665354330709,0.773911417322835,0.159112204724409
"98","2021-04-27 17:00:00",1619543048010,0.270049638119964,0.0420065217391304,0.8182,0.139804347826087
"99","2021-04-27 18:00:00",1619546514765,0.271087334828995,0.0478118081180812,0.790918204182042,0.161281057810578
"100","2021-04-27 19:00:00",1619550258223,0.269764019949091,0.0503521897810219,0.767096715328467,0.182552919708029
"101","2021-04-27 20:00:00",1619553810130,0.268301890111698,0.059327868852459,0.805936475409836,0.134739754098361
"102","2021-04-27 21:00:00",1619557522248,0.270540057729463,0.0506036184210526,0.805776315789474,0.143613486842105
"103","2021-04-27 22:00:00",1619561000109,0.273886441456777,0.0627126696832579,0.805764705882353,0.131529411764706
"104","2021-04-27 23:00:00",1619564727635,0.270822103167743,0.0747935103244838,0.768797935103245,0.156415191740413
"105","2021-04-28 00:00:00",1619568364896,0.271806325802843,0.080770955165692,0.789702729044835,0.129540935672515
"106","2021-04-28 01:00:00",1619571973686,0.271867773031685,0.0673044444444444,0.792922222222222,0.139775555555556
"107","2021-04-28 02:00:00",1619575464079,0.270298929707734,0.0563768472906404,0.809221674876847,0.1344039408867
"108","2021-04-28 03:00:00",1619578994836,0.269760783774132,0.0661554878048781,0.810905487804878,0.122942073170732
"109","2021-04-28 04:00:00",1619582693510,0.267548939936987,0.065597972972973,0.789787162162162,0.14460472972973
"110","2021-04-28 05:00:00",1619586098421,0.267990699805522,0.0814817518248175,0.768912408759124,0.149605839416058
"111","2021-04-28 06:00:00",1619589626801,0.263701764291615,0.0698956204379562,0.801703163017031,0.128402676399027
"112","2021-04-28 07:00:00",1619593349529,0.29743556184759,0.0541335034013605,0.803101190476191,0.142747448979592
"113","2021-04-28 08:00:00",1619596893615,0.289582210276687,0.0718162162162162,0.791183783783784,0.137005405405405
"114","2021-04-28 09:00:00",1619600584153,0.302432801126105,0.0628373563218391,0.817345977011494,0.119803735632184
"115","2021-04-28 10:00:00",1619604242916,0.325481472073248,0.0705089201877935,0.792282629107981,0.137218779342723
"116","2021-04-28 11:00:00",1619607931205,0.326729205954486,0.0526361256544503,0.819727748691099,0.127637434554974
"117","2021-04-28 12:00:00",1619611407726,0.318285332531747,0.0458009259259259,0.803614197530864,0.150606481481482
"118","2021-04-28 13:00:00",1619615243672,0.320040943648319,0.0733285714285714,0.783107142857143,0.143607142857143
"119","2021-04-28 14:00:00",1619618518757,0.310921566217062,0.0318723404255319,0.842659574468085,0.125446808510638
"120","2021-04-28 15:00:00",1619622254915,0.302190179985635,0.0847826086956522,0.823130434782608,0.092
"121","2021-04-28 16:00:00",1619625648038,0.306471486036969,0.05471875,0.77365625,0.171625
"122","2021-04-28 17:00:00",1619629346136,0.307594782916682,0.0756666666666667,0.728833333333333,0.1955
"123","2021-04-28 18:00:00",1619632910395,0.310268823579365,0.0346,0.795066666666667,0.170266666666667
"124","2021-04-28 19:00:00",1619636602604,0.30608420899056,0.0855454545454545,0.819272727272727,0.0950909090909091
"125","2021-04-28 20:00:00",1619640179127,0.310430679066197,0.1032,0.7872,0.1096
"126","2021-04-28 21:00:00",1619643831261,0.305966755120866,0.0356363636363636,0.817454545454546,0.146818181818182
"127","2021-04-28 22:00:00",1619647460165,0.3107130984383,0.169875,0.6065,0.2235
"128","2021-04-28 23:00:00",1619650838801,0.31912124622918,0.158714285714286,0.797857142857143,0.0434285714285714
"129","2021-04-29 00:00:00",1619654454636,0.322656432512954,0,0.5755,0.4245
"130","2021-04-29 01:00:00",1619658332577,0.315524313615446,0.05125,0.44875,0.5
"131","2021-04-29 02:00:00",1619661799702,0.31691834849579,0.04075,0.73925,0.22
"132","2021-04-29 03:00:00",1619665379855,0.318721319299262,0.0786666666666667,0.689333333333333,0.232
"133","2021-04-29 04:00:00",1619668999427,0.320832743456206,0.115,0.619,0.265
"134","2021-04-29 05:00:00",1619672477705,0.314276540602413,0.0463333333333333,0.615666666666667,0.337666666666667
"135","2021-04-29 06:00:00",1619676117330,0.314398163021225,0.063,0.839,0.098
"136","2021-04-29 07:00:00",1619679854607,0.312978409970354,0.063,0.8595,0.0775
"138","2021-04-29 09:00:00",1619687046792,0.310175447924202,0,1,0
"139","2021-04-29 10:00:00",1619690585334,0.312470060028104,0.112,0.717,0.17
"140","2021-04-29 11:00:00",1619694325710,0.307958813551449,0,0,1
"141","2021-04-29 12:00:00",1619697759069,0.307532676225323,0.0125,0.8515,0.136
"142","2021-04-29 13:00:00",1619701490758,0.310499948256816,0,0.88575,0.11425
"143","2021-04-29 14:00:00",1619704809751,0.306790579523627,0,0.6115,0.3885
"146","2021-04-29 17:00:00",1619715946718,0.305832472469915,0,1,0
"147","2021-04-29 18:00:00",1619719330172,0.303526356876709,0,0.645,0.355
"150","2021-04-29 21:00:00",1619730031715,0.303598711491665,0,0.795,0.205
"151","2021-04-29 22:00:00",1619733681779,0.30850703151869,0.006,0.729,0.2645
"152","2021-04-29 23:00:00",1619737245438,0.307235935834153,0,0.898,0.102
"155","2021-04-30 02:00:00",1619748183257,0.307943308848556,0,0.667,0.333
"156","2021-04-30 03:00:00",1619751866654,0.309406187481462,0.312,0.583,0.104
"159","2021-04-30 06:00:00",1619762696880,0.310520571507355,0.099,0.544,0.357
"163","2021-04-30 10:00:00",1619776844468,0.314468004332711,0,0.6775,0.3225
"164","2021-04-30 11:00:00",1619780678684,0.312836842253334,0,1,0
"165","2021-04-30 12:00:00",1619784170084,0.311945958025976,0,1,0
"166","2021-04-30 13:00:00",1619788367444,0.312590701162335,0,0.603,0.397
